1;doc_name no 1;Description doc no 1;18/01/15 20:01:05.665000000;18/01/15 20:56:30.665000000;HR;HR
2;doc_name no 2;Description doc no 2;18/01/15 20:02:34.665000000;18/01/15 22:01:43.665000000;SYSTEM;HR
3;doc_name no 3;Description doc no 3;18/01/15 22:01:16.340000000;18/01/15 22:01:16.340000000;HR;HR
4;doc_name no 4;Description doc no 4;18/01/15 22:07:30.180000000;18/01/15 22:07:30.180000000;HR;HR
5;doc_name no 5;No description;18/01/16 20:44:38.552000000;18/01/16 20:44:38.552000000;HR;HR
6;doc_name no 6;No description;18/01/16 20:44:52.170000000;18/01/16 20:44:52.170000000;SYSTEM;SYSTEM
7;doc_name no 7;Description doc no 7;18/01/16 20:45:32.194000000;18/01/16 21:30:02.194000000;HR;HR
8;doc_name no 8;Description doc no 8;18/01/15 20:01:05.665000000;18/01/15 20:56:30.665000000;HR;HR
9;doc_name no 9;Description doc no 9;18/01/15 20:02:34.665000000;18/01/15 22:01:43.665000000;SYSTEM;HR
10;doc_name no 10;Description doc no 10;18/01/15 22:01:16.340000000;18/01/15 22:01:16.340000000;HR;HR